method,hardware,dtype_bits,bytes_per_sample,samples_per_second,samples_per_second_per_mm2,joules_per_sample,nanojoules_per_sample,samples_per_joule,mega_samples_per_joule
CPU deterministic,Intel Xeon W-2265,64,208,451201923.0769231,928399.0186767965,3.6568993074054343e-07,365.68993074054345,2734557.1095571094,2.7345571095571093
CPU Monte Carlo,Intel Xeon W-2265,64,224,418973214.28571427,862084.8030570252,3.9381992541289294e-07,393.8199254128929,2539231.6017316016,2.5392316017316015
GPU Monte Carlo,NVIDIA RTX A5000,32,112,6857142857.142858,10919017.28844404,3.354166666666667e-08,33.541666666666664,29813664.59627329,29.81366459627329
GPU Monte Carlo,NVIDIA RTX A5000,64,224,3428571428.571429,5459508.64422202,6.708333333333334e-08,67.08333333333333,14906832.298136646,14.906832298136646
