device,num_samples,batch_size,estimate,stderr,runtime_seconds,samples_per_second,million_samples_per_second
CPU,1000,1000,0.41959625482559204,0.001272290271741453,0.004964708816260099,201421.68191714757,0.20142168191714757
GPU,1000,1000,N/A,N/A,CUDA off,N/A,N/A
CPU,5000,1000,0.4200320243835449,0.0005709599827169748,0.001386052928864956,3607365.848643687,3.607365848643687
GPU,5000,1000,N/A,N/A,CUDA off,N/A,N/A
