device,num_samples,batch_size,estimate,stderr,runtime_seconds,samples_per_second,million_samples_per_second
CPU,10000,10000,4.403478145599365,0.014037258185985451,0.002865314483642578,3490018.3058745214,3.4900183058745213
GPU,10000,10000,4.412534713745117,0.013944757732508153,0.0005000419914722443,19998320.482161082,19.998320482161084
CPU,100000,50000,4.410408020019531,0.004389828452101817,0.011065893806517124,9036775.677451938,9.036775677451939
GPU,100000,100000,4.415000915527344,0.004400781567515085,0.0018765674903988838,53288784.182626955,53.288784182626955
CPU,1000000,50000,4.4139084815979,0.0013880913955005136,0.1075302567332983,9299708.104298942,9.299708104298942
GPU,1000000,250000,4.412487983703613,0.0013886148115283793,0.014181196689605713,70515910.74348208,70.51591074348208
