device,num_samples,batch_size,estimate,stderr,runtime_seconds,samples_per_second,million_samples_per_second
CPU,10000,10000,4.312371253967285,0.013284146886159845,0.00314099108800292,3183708.49194549,3.18370849194549
GPU,10000,10000,4.3045759201049805,0.013337743545481827,0.000535865779966116,18661389.42597216,18.66138942597216
CPU,100000,50000,4.311159133911133,0.004196563615260988,0.011167498305439949,8954556.988944218,8.954556988944217
GPU,100000,100000,4.305952072143555,0.004208278084367466,0.0018816553056240082,53144696.42825325,53.14469642825325
CPU,1000000,50000,4.302216529846191,0.0013289841686227207,0.10013405000790954,9986612.944557926,9.986612944557926
GPU,1000000,250000,4.303812026977539,0.0013286798531949946,0.014135629869997501,70743221.85829677,70.74322185829676
